project_name,year,initial_investment,incoming_payments,outgoing_payments,outgoing_payments_0,restricted_equity,residual,discount_rate,tax_rate,net_present_value,depreciation
missamericanpie,10,1000000.0,1000000.0,500000.0,200000.0,300000.0,200000.0,0.12,0.3,1260868.3442744187,30000.0
Shakira,10,15000000.0,10000000.0,5000000.0,2000000.0,500000.0,1000000.0,0.12,0.3,9668862.030028837,450000.0
BigProject,5,2000000.0,1500000.0,500000.0,200000.0,200000.0,100000.0,0.12,0.3,1080186.2528883428,120000.0
