project_name,lifetime,initial_investment,incoming_payments,outgoing_payments,outgoing_payments_0,restricted_equity,residual,discount_rate,tax_rate,net_present_value,depreciation
Moonlanding,15,1000000.0,500000.0,200000.0,100000.0,200000.0,100000.0,0.12,0.3,732019.1983978422,20000.0
Hallaballo,10,2000000.0,1500000.0,500000.0,500000.0,300000.0,200000.0,0.12,0.3,2555328.380492583,60000.0
3 one is the charm ,10,2000000.0,500000.0,200000.0,400000.0,200000.0,100000.0,0.12,0.3,-579991.9574803256,60000.0
