username,project_name,lifetime,initial_investment,incoming_payments,outgoing_payments,outgoing_payments_0,restricted_equity,residual,discount_rate,tax_rate,net_present_value,depreciation
Biggus,LollipopLand,15,2000000.0,3000000.0,300000.0,3000000.0,300000.0,300000.0,0.12,0.3,11875952.876946133,40000.0
Biggus,GoldenPopLand,10,8000000.0,5000000.0,500000.0,5000000.0,500000.0,500000.0,0.12,0.3,10721844.937351579,240000.0
Red,LatinMasterCourse,5,2000000.0,1500000.0,300000.0,500000.0,200000.0,200000.0,0.12,0.3,1470090.1562613733,120000.0
Red,DiosMiosGrill,20,800000.0,500000.0,200000.0,300000.0,100000.0,100000.0,0.12,0.3,1040122.1750836476,12000.0
Red,PingPongProductions,10,2500000.0,2000000.0,1000000.0,1500000.0,200000.0,200000.0,0.12,0.3,1509550.393249175,75000.0
Biggus,TrinidadLand,5,2000000.0,2000000.0,1000000.0,100000.0,100000.0,100000.0,0.12,0.3,1183374.388798971,120000.0
Hillbilly,Tim's Bar,15,2000000.0,1500000.0,800000.0,1000000.0,100000.0,100000.0,0.12,0.3,1678493.8307820535,40000.0
