{
    "username": "Mon Cherry",
    "password": "helllofyucker",
    "projects": [
        {
            "year": 15,
            "initial_investment": 1000000.0,
            "incoming_payments": 1500000.0,
            "outgoing_payments": 500000.0,
            "residual": 100000.0,
            "restricted_equity": 200000.0,
            "discount_rate": 0.12,
            "tax_rate": 0.3,
            "outgoing_payments_0": 100000.0,
            "depreciation": 20000.0,
            "net_present_value": 4825639.72326251,
            "accumulated_net_value_list": [
                -1270000.0,
                -605793.3579335794,
                6943.396740240394,
                572198.7054799264,
                1093651.9423246551,
                1574697.363768132,
                2018466.2027381288,
                2427847.0504964287,
                2805504.6591295465,
                3153897.2870198768,
                3475292.700202838,
                3771782.9337664554,
                4045297.9093786487,
                4297617.997581779,
                4530385.606625257,
                4825639.72326251
            ]
        }
    ]
}