{
    "username": "hello",
    "password": "hambo",
    "projects": [
        {
            "project_name": "missamericanpie",
            "year": 10,
            "initial_investment": 1000000.0,
            "incoming_payments": 1000000.0,
            "outgoing_payments": 500000.0,
            "residual": 200000.0,
            "restricted_equity": 300000.0,
            "discount_rate": 0.12,
            "tax_rate": 0.3,
            "outgoing_payments_0": 200000.0,
            "depreciation": 30000.0,
            "net_present_value": 1260868.3442744187,
            "accumulated_net_value_list": [
                -1440000.0,
                -1089446.4944649446,
                -766057.6517204286,
                -467728.4609967054,
                -192517.0304397652,
                61368.053099847515,
                295579.384778457,
                511641.49887311517,
                710960.7923183718,
                894834.6792604905,
                1260868.3442744187
            ]
        }
    ]
}