{
    "username": "wilpro",
    "password": "master",
    "projects": [
        {
            "year": 10,
            "initial_investment": 1000000.0,
            "incoming_payments": 2000000.0,
            "outgoing_payments": 1000000.0,
            "residual": 200000.0,
            "restricted_equity": 200000.0,
            "discount_rate": 0.12,
            "tax_rate": 0.3,
            "outgoing_payments_0": 500000.0,
            "depreciation": 30000.0,
            "net_present_value": 3412969.5994864977,
            "accumulated_net_value_list": [
                -1550000.0,
                -876568.2656826569,
                -255321.27830503415,
                317784.7986115919,
                846480.4415236086,
                1334207.0493760225,
                1784139.3444428248,
                2199206.0373088787,
                2582108.8905063453,
                2935340.3048951523,
                3412969.5994864977
            ]
        }
    ]
}